fig,groove,thick,flow,psi,vel,rpm,rr,xerr,merged,hpx
4.5,XY-groove,1.39,40,2,0.32,40,570,0.3,True,16
4.5,XY-groove,1.39,40,2,0.64,80,786,0.2,False,10
4.5,XY-groove,1.39,40,2,0.64,80,995,0.2,False,10
4.5,XY-groove,1.39,40,2,0.96,120,1084,0.3,False,10
4.5,XY-groove,1.39,40,4,0.32,40,875,0.2,False,12
4.5,XY-groove,1.39,40,4,0.64,80,1754,0.3,False,11
4.5,XY-groove,1.39,40,4,0.96,120,2102,0.2,False,10
4.5,XY-groove,1.39,40,6,0.32,40,1317,0.3,False,10
4.5,XY-groove,1.39,40,6,0.64,80,2274,0.2,False,10
4.5,XY-groove,1.39,40,6,0.96,120,2842,0.2,False,10
4.11,XY-groove,2.03,40,2,0.32,40,199,0.5,False,10
4.11,XY-groove,2.03,40,2,0.64,80,337,0.2,False,10
4.11,XY-groove,2.03,40,2,0.64,80,434,0.2,False,10
4.11,XY-groove,2.03,40,2,0.96,120,388,0.3,False,10
4.11,XY-groove,2.03,40,4,0.32,40,506,0.2,False,10
4.11,XY-groove,2.03,40,4,0.64,80,946,0.3,True,17
4.11,XY-groove,2.03,40,4,0.96,120,1330,0.2,False,10
4.11,XY-groove,2.03,40,6,0.32,40,808,0.3,False,10
4.11,XY-groove,2.03,40,6,0.64,80,1556,0.2,False,10
4.11,XY-groove,2.03,40,6,0.96,120,2221,0.2,True,20
4.4,flat,1.39,40,2,0.32,40,474,0.5,True,16
4.4,flat,1.39,40,2,0.64,80,423,0.2,False,11
4.4,flat,1.39,40,2,0.64,80,599,0.2,False,10
4.4,flat,1.39,40,2,0.96,120,577,0.2,False,11
4.4,flat,1.39,40,4,0.32,40,668,0.3,False,9
4.4,flat,1.39,40,4,0.32,40,832,0.3,False,10
4.4,flat,1.39,40,4,0.64,80,1115,0.3,False,10
4.4,flat,1.39,40,4,0.64,80,1601,0.3,False,10
4.4,flat,1.39,40,4,0.96,120,1422,0.2,False,10
4.4,flat,1.39,40,6,0.32,40,1137,0.3,False,10
4.4,flat,1.39,40,6,0.64,80,1713,0.2,False,10
4.4,flat,1.39,40,6,0.96,120,2633,0.2,False,10
4.4,flat,1.39,40,6,0.96,120,2752,0.2,False,10
4.10,flat,2.03,40,2,0.32,40,490,0.5,False,11
4.10,flat,2.03,40,2,0.64,80,782,0.2,True,17
4.10,flat,2.03,40,4,0.32,40,888,0.2,False,10
4.10,flat,2.03,40,4,0.64,80,1032,0.3,False,10
4.10,flat,2.03,40,4,0.64,80,1302,0.3,False,10
4.10,flat,2.03,40,4,0.96,120,1136,0.2,False,10
4.10,flat,2.03,40,6,0.32,40,1079,0.2,False,10
4.6,perforated,1.39,40,2,0.32,40,146,0.5,False,11
4.6,perforated,1.39,40,2,0.32,40,311,0.5,False,11
4.6,perforated,1.39,40,2,0.64,80,292,0.2,False,12
4.6,perforated,1.39,40,2,0.96,120,321,0.3,False,10
4.6,perforated,1.39,40,4,0.32,40,636,0.3,True,16
4.6,perforated,1.39,40,4,0.64,80,939,0.3,True,19
4.6,perforated,1.39,40,4,0.96,120,1375,0.2,False,10
4.6,perforated,1.39,40,6,0.32,40,920,0.3,False,10
4.6,perforated,1.39,40,6,0.64,80,1504,0.2,False,10
4.6,perforated,1.39,40,6,0.96,120,2228,0.2,True,14
4.12,perforated,2.03,40,2,0.32,40,367,0.2,True,16
4.12,perforated,2.03,40,2,0.64,80,498,0.2,True,15
4.12,perforated,2.03,40,2,0.96,120,546,0.3,False,10
4.12,perforated,2.03,40,4,0.32,40,699,0.2,True,15
4.12,perforated,2.03,40,4,0.64,80,1231,0.3,True,15
4.12,perforated,2.03,40,6,0.32,40,1094,0.2,False,11
4.12,perforated,2.03,40,6,0.64,80,1833,0.2,False,10
4.12,perforated,2.03,40,6,0.96,120,2665,0.3,False,11
4.8,XY-groove,1.39,120,2,0.32,40,409,0.2,False,10
4.8,XY-groove,1.39,120,2,0.32,40,596,0.2,False,10
4.8,XY-groove,1.39,120,2,0.64,80,912,0.3,False,11
4.8,XY-groove,1.39,120,2,0.96,120,1072,0.3,False,10
4.8,XY-groove,1.39,120,4,0.32,40,970,0.3,False,6
4.8,XY-groove,1.39,120,4,0.32,40,1108,0.2,False,10
4.8,XY-groove,1.39,120,4,0.64,80,1801,0.2,False,10
4.8,XY-groove,1.39,120,4,0.64,80,1913,0.2,False,10
4.8,XY-groove,1.39,120,4,0.96,120,2078,0.3,False,11
4.8,XY-groove,1.39,120,6,0.32,40,1489,0.4,False,10
4.8,XY-groove,1.39,120,6,0.64,80,2933,0.3,False,10
4.8,XY-groove,1.39,120,6,0.96,120,3314,0.3,False,11
4.14,XY-groove,2.03,120,2,0.32,40,232,0.5,False,12
4.14,XY-groove,2.03,120,2,0.64,80,296,0.2,True,17
4.14,XY-groove,2.03,120,2,0.96,120,270,0.2,False,11
4.14,XY-groove,2.03,120,4,0.32,40,552,0.3,False,10
4.14,XY-groove,2.03,120,4,0.64,80,1006,0.3,True,15
4.14,XY-groove,2.03,120,6,0.32,40,800,0.3,False,10
4.14,XY-groove,2.03,120,6,0.64,80,1436,0.2,False,10
4.7,flat,1.39,120,2,0.32,40,466,0.5,False,10
4.7,flat,1.39,120,2,0.64,80,539,0.2,True,16
4.7,flat,1.39,120,2,0.96,120,561,0.3,False,10
4.7,flat,1.39,120,4,0.32,40,841,0.2,False,10
4.7,flat,1.39,120,4,0.64,80,1313,0.3,True,21
4.7,flat,1.39,120,4,0.96,120,1833,0.2,False,10
4.7,flat,1.39,120,6,0.32,40,1272,0.3,False,10
4.7,flat,1.39,120,6,0.64,80,1960,0.2,False,10
4.7,flat,1.39,120,6,0.96,120,2288,0.2,False,10
4.7,flat,1.39,120,6,0.96,120,2625,0.2,False,10
4.13,flat,2.03,120,2,0.32,40,667,0.3,False,10
4.13,flat,2.03,120,2,0.64,80,561,0.2,False,10
4.13,flat,2.03,120,2,0.64,80,748,0.2,False,10
4.13,flat,2.03,120,2,0.96,120,740,0.3,False,10
4.13,flat,2.03,120,4,0.32,40,828,0.4,False,12
4.13,flat,2.03,120,4,0.64,80,1100,0.3,False,10
4.13,flat,2.03,120,4,0.64,80,1182,0.3,False,10
4.13,flat,2.03,120,4,0.96,120,1377,0.3,False,10
4.13,flat,2.03,120,6,0.32,40,1145,0.3,False,10
4.13,flat,2.03,120,6,0.96,120,2303,0.2,True,20
4.9,perforated,1.39,120,2,0.32,40,163,0.3,True,18
4.9,perforated,1.39,120,2,0.64,80,187,0.2,True,14
4.9,perforated,1.39,120,2,0.96,120,314,0.3,False,10
4.9,perforated,1.39,120,4,0.32,40,580,0.2,False,11
4.9,perforated,1.39,120,4,0.32,40,707,0.2,False,11
4.9,perforated,1.39,120,4,0.64,80,838,0.3,False,12
4.9,perforated,1.39,120,6,0.32,40,893,0.2,False,11
4.9,perforated,1.39,120,6,0.64,80,1399,0.2,False,10
4.9,perforated,1.39,120,6,0.96,120,2071,0.2,False,10
4.9,perforated,1.39,120,6,0.96,120,2161,0.2,False,10
4.15,perforated,2.03,120,2,0.32,40,355,0.4,True,15
4.15,perforated,2.03,120,2,0.64,80,527,0.2,False,13
4.15,perforated,2.03,120,2,0.96,120,447,0.3,False,10
4.15,perforated,2.03,120,4,0.32,40,729,0.2,True,15
4.15,perforated,2.03,120,4,0.64,80,1294,0.3,False,12
4.15,perforated,2.03,120,4,0.96,120,1816,0.2,False,10
4.15,perforated,2.03,120,6,0.32,40,1070,0.3,False,10
4.15,perforated,2.03,120,6,0.64,80,1908,0.2,False,10
4.15,perforated,2.03,120,6,0.96,120,2553,0.3,False,11
4.15,perforated,2.03,120,6,0.96,120,2288,0.2,False,10
